Category,Previous,Current,Species,Stage,Previous.Current,Previous.Species,Current.Species,Previous.Stage,Current.Stage,Species.Stage,Previous.Current.Species,Previous.Current.Stage,Previous.Species.Stage,Current.Species.Stage,Previous.Current.Species.Stage
Conserved,0.0150725719090251,0.0111937019919474,1.07740057092828e-246,0.0100492402707848,0.00052367431646543,0.000616826692748042,1.93922215794838e-05,0.177407245167949,0.820047921381404,4.47755234887298e-08,0.000167295462251673,0.218216216247057,0.097736265897853,0.374121848860293,0.0328854765596039
Only_Cis,0.172095114304377,0.258773883743882,1.72516763937768e-36,1,0.169625037499639,0.365324442251484,0.773558841064049,1,0.118829709029583,3.24348417411071e-05,1,0.618627168933401,0.629318039137382,0.714432630229439,0.755601402642422
Only_Trans,1,1,0.00407468574711393,0.864844518345918,1,1,1,1,1,0.186306975871666,0.170588012099087,1,1,1,1
Enhancing,1,1,0.0322942997583402,0.654834066924035,1,1,1,1,1,0.0926455069631316,1,1,1,1,1
Compensating,0.0302171034179081,0.0260166167692753,0.15592305114198,0.000326411946498812,0.0287851193605011,0.360635577792211,0.0392099945117447,0.764821956998693,0.761474324796771,0.0275370770266383,0.271693003374563,0.706946860562708,1,0.764821956998693,0.109434796848685
