Category,Previous,Current,Species,Stage,Previous.Current,Previous.Species,Current.Species,Previous.Stage,Current.Stage,Species.Stage,Previous.Current.Species,Previous.Current.Stage,Previous.Species.Stage,Current.Species.Stage,Previous.Current.Species.Stage
Conserved,1,0.282744390915778,1.55399531631453e-271,0.435149829098585,0.728793102609978,1,0.210251342373325,0.521119244232553,0.82971753862859,7.24550522336159e-27,0.34918070292459,1,0.0968014941689623,0.677202603408186,0.0415834390914787
Only_Cis,0.174300483354114,0.260460422423359,5.00963419943766e-38,0.8114901962353,0.171134537251495,0.366546186511737,0.781355609794634,1,0.0473995928434567,6.5181239118751e-07,0.781355609794634,0.618250811267052,1,0.45000730755369,0.53315781356594
Only_Trans,1,0.27299763320641,2.16740034450546e-05,0.133851822095109,0.201731614299491,1,0.263885188587526,1,1,1.72531639365502e-05,0.263885188587526,1,1,1,1
Enhancing,1,1,1.27076653980604e-06,0.300012541770077,1,1,1,0.228485642512829,1,0.182335498093939,0.374982790458464,1,1,1,0.31226172805967
Compensating,0.176561466040555,0.11841571828443,0.00568441691943358,0.000257418244502928,0.17362367511217,0.813938687706568,0.166045052454174,0.762550631323108,1,0.0107687066872317,0.363592274543931,1,0.490436587705893,0.354417865155449,0.329955135316917
