Category,Previous,Current,Species,Stage,Previous.Current,Previous.Species,Current.Species,Previous.Stage,Current.Stage,Species.Stage,Previous.Current.Species,Previous.Current.Stage,Previous.Species.Stage,Current.Species.Stage,Previous.Current.Species.Stage
Conserved,0.863230647971796,0.885452860858069,1.40585331551522e-288,0.0931083989630633,0.505511916588775,1,0.882046099987835,0.401215368578405,1,8.6079907336694e-29,0.882046099987835,1,0.191340050342286,0.541461741065409,0.113095987078915
Only_Cis,0.175704705912231,0.582362480859819,8.79221527133565e-39,0.752094099425907,0.172157795619695,0.367500793800147,0.783025824319057,1,0.0493776474911093,3.09255538559152e-07,0.783025824319057,1,1,0.453445295878936,0.535619011728709
Only_Trans,0.2287097329189,0.300626754446965,1.13946153666188e-06,0.0791868754759838,0.223292210810833,0.265567095376166,0.0488743768142759,0.172749991881641,1,5.90277572869242e-07,0.0488743768142759,1,0.125005514035519,1,1
Enhancing,1,0.427974909549718,7.81035785253111e-07,0.91997768488866,1,0.0874746926912686,0.415354188690299,1,0.239935139994119,0.634242094632849,0.10443612684215,1,0.188282108855156,1,0.0714436365877297
Compensating,0.177632930832037,0.0390880096189077,0.00737759654313609,0.000866895917983002,0.174212866268937,0.228089849577675,0.0595831452366065,0.762638959156114,0.5132522579411,0.0264376760040229,0.166712019847919,1,1,0.354548465677046,0.473813789041485
