Category,Previous,Current,Species,Stage,Previous.Current,Previous.Species,Current.Species,Previous.Stage,Current.Stage,Species.Stage,Previous.Current.Species,Previous.Current.Stage,Previous.Species.Stage,Current.Species.Stage,Previous.Current.Species.Stage
Conserved,0.00959178617669889,0.0498482430722547,1.08799717690014e-253,0.00967321528758913,0.0461256531758224,0.000382118763273752,0.0001620815989776,0.176270983585146,0.657692364230331,8.49699465322208e-09,0.000853218699710802,0.547374369314022,0.0962075230173577,0.176270983585146,0.00644902182987371
Only_Cis,0.172648331980415,0.0476803959032844,2.50438523334231e-36,0.967891464745268,0.169988855065674,0.116259851486271,0.257165683369154,1,0.120730924781578,0.000117184064737507,1,0.618505806374051,0.629834828778188,1,0.756813414129803
Only_Trans,1,1,0.00667843856657114,0.719567925969792,1,1,1,1,1,0.256190286397348,0.151793657450846,1,1,1,1
Enhancing,1,1,0.251764429821125,0.700627518831002,1,1,1,1,1,0.0603690466804593,1,1,1,1,1
Compensating,0.02925476025256,0.0406508189301912,0.172090100451484,0.000359254597822847,0.0283000476162084,0.479396946834946,0.0385695219436729,0.76365861630855,0.76165454534564,0.0195040416084347,0.272153624138788,0.700813636114958,1,0.76365861630855,0.102979607499209
