Category,Previous,Current,Species,Stage,Previous.Current,Previous.Species,Current.Species,Previous.Stage,Current.Stage,Species.Stage,Previous.Current.Species,Previous.Current.Stage,Previous.Species.Stage,Current.Species.Stage,Previous.Current.Species.Stage
Conserved,0.0021888029025108,0.0210516717693785,4.72524597001187e-250,0.00856276018421548,0.014534114130203,0.000623404926768117,0.000873440953872689,0.374080085559832,1,1.27358285394454e-07,0.000873440953872689,0.217191692394642,0.0968957465378494,0.374080085559832,0.022211825660659
Only_Cis,0.171578750742013,0.0779861097091455,2.72493276567981e-36,0.935636845154355,0.169297746975735,0.115038369313211,0.257288379217186,1,0.116940810843796,3.11762979242825e-05,1,0.618762847432897,0.628814231568614,1,0.754401058205614
Only_Trans,1,0.189563455835175,0.00146704147787066,1,1,1,1,1,1,0.209313580630511,0.182881002263844,1,1,1,1
Enhancing,1,1,0.0290808259037326,0.173898565378407,1,1,1,1,1,0.150966203804071,1,1,1,1,1
Compensating,0.0301101585627898,0.0260164431142113,0.165720813495376,0.000416396104736696,0.0287244347818327,0.360750663485521,0.0391237656718821,0.35838793813174,0.761474591352899,0.0208038514532169,0.271670309185296,1,1,0.35838793813174,0.24174832958008
