Category,Previous,Current,Species,Stage,Previous.Current,Previous.Species,Current.Species,Previous.Stage,Current.Stage,Species.Stage,Previous.Current.Species,Previous.Current.Stage,Previous.Species.Stage,Current.Species.Stage,Previous.Current.Species.Stage
Conserved,0.860981045909686,0.879452540923849,9.53163560160986e-261,0.226540073210799,0.231897634478435,0.749529795518724,0.756982442274693,0.279529462008637,0.656897054175771,3.21701147639627e-25,1,0.778184665645271,0.281081973510347,0.831581549965745,0.0999502460714927
Only_Cis,0.174524810123787,0.26065263548332,1.2331853451409e-37,0.873642842621594,0.171295429106868,0.366691421281671,1,1,0.126507107805331,1.19225701063192e-06,0.7816286041913,0.618225839813186,0.631460685988807,0.450575366000136,0.53355896830566
Only_Trans,1,0.27299763320641,5.39949238723808e-05,0.25367864366635,0.201731614299491,1,0.263885188587526,1,1,0.000111177212862127,0.263885188587526,1,1,1,1
Enhancing,1,1,5.72291936220836e-08,0.855269088275821,1,0.441192623665382,1,0.300624291408959,1,1,0.476823053599934,1,1,1,0.0980505411268793
Compensating,0.174401071971631,0.168063428455811,0.00101559079096754,0.000276768807768946,0.17278400897231,0.476909497415263,0.165280947916627,0.35473871439188,1,0.035808355229173,0.363182746101909,0.386993856295709,1,0.35473871439188,0.80173632172983
