Category,Previous,Current,Species,Stage,Previous.Current,Previous.Species,Current.Species,Previous.Stage,Current.Stage,Species.Stage,Previous.Current.Species,Previous.Current.Stage,Previous.Species.Stage,Current.Species.Stage,Previous.Current.Species.Stage
Conserved,1,0.764463283069704,4.93626525436775e-272,0.261123614501366,0.395879599667028,0.75514734070048,0.878975048349833,0.277850144697573,0.833900395210741,1.45106059106999e-23,0.646585481071732,1,0.19444367898493,0.677166319161966,0.0416089027438231
Only_Cis,0.175221157553012,0.0476509859631607,2.31585715707605e-38,0.812212134393767,0.171801326149936,0.367160509422846,1,0.452291468084029,0.128456220326176,5.45479862282177e-07,0.782460567279247,1,0.646619622202434,0.452291468084029,0.534784247766581
Only_Trans,1,0.255888441782256,3.45499853818505e-05,0.191372583830527,0.188500913397905,1,0.24724597143655,1,1,1.86261849739751e-05,0.24724597143655,1,1,1,1
Enhancing,1,0.458034640002696,6.72721504760842e-08,0.695449741529453,1,0.101963432793621,0.44490763937815,0.277389140457243,0.0388984857039736,0.876888940947599,0.121347553853804,1,0.204481830301736,1,0.00169923417061853
Compensating,0.175536299019074,0.038911576116782,0.00184959982131486,0.00125974217145959,0.173139944934418,0.227797474881502,0.0582472657139643,0.762529137057313,0.102765594123654,0.061852500951126,0.165540274274,1,1,0.354426830752384,1
