Category,Previous,Current,Species,Stage,Previous.Current,Previous.Species,Current.Species,Previous.Stage,Current.Stage,Species.Stage,Previous.Current.Species,Previous.Current.Stage,Previous.Species.Stage,Current.Species.Stage,Previous.Current.Species.Stage
Conserved,0.00218725919662019,0.0210391214480907,4.70122312904374e-250,0.0166825092743327,0.0145358770295472,0.000623891563348825,2.00305644886352e-05,0.176598205529537,0.820633967256413,2.01137026474214e-07,0.000872403328407623,0.547397633240968,0.0968679902252315,0.660992907694022,0.00656184956813059
Only_Cis,0.171918876843714,0.258660185646363,5.13983988285685e-36,1,0.169511862010461,0.115429047355158,0.257220901640671,1,0.118198700962666,4.10821569322332e-05,1,0.618670795579669,0.629148648782858,1,0.755199967978747
Only_Trans,1,0.195834471424982,0.000684746117076489,1,1,1,1,1,1,0.13762402692961,0.188957619487866,1,1,1,1
Enhancing,1,1,0.0595071565848514,0.416796843220544,1,1,1,1,1,0.0726964088142676,1,1,1,1,1
Compensating,0.0180338389641156,0.0260420365017293,0.14752674856195,0.00103032534700932,0.0289853387386916,0.360366436117672,0.0395002504814794,0.765223038364614,0.761494375654521,0.0280773253930166,0.271843461202164,0.708701866103369,1,0.765223038364614,0.111432639553987
