Category,Previous,Current,Species,Stage,Previous.Current,Previous.Species,Current.Species,Previous.Stage,Current.Stage,Species.Stage,Previous.Current.Species,Previous.Current.Stage,Previous.Species.Stage,Current.Species.Stage,Previous.Current.Species.Stage
Conserved,0.512603892742657,0.0252525785196279,1.33429794463502e-56,4.07104222326611e-05,1,0.24512997467788,0.00268421098760795,0.146443667616028,1,0.000203304879730299,0.00320897495406701,0.238560167068137,0.088632679129697,0.000286892038230435,0.00099546173049817
Only_Cis,0.068151595309543,0.123166706160944,5.91894537120986e-33,0.0133696444115993,0.104795926682928,0.714562859541817,0.0444444216349626,0.259915362192681,0.0271120593871282,0.645382192302195,0.248515929692811,0.252048937036523,1,0.797555069040118,0.748647726861107
Only_Trans,1,1,0.00435562434120173,0.588520789864666,1,1,0.1328844258655,1,1,0.192652634190926,1,1,1,1,1
Enhancing,1,1,0.219339426700125,1,1,1,1,1,1,1,1,1,1,1,1
Compensating,0.153448558252313,0.20428440845052,1.30107321505942e-49,2.80758081491763e-09,0.0157946493040247,0.761345189447679,0.26421425542111,0.0762320376080582,0.000589962892289283,3.01555446542328e-08,0.059384202769171,0.0344837450077147,0.0962285932876615,0.0101743908067147,0.109100355605949
