Category,Previous,Current,Species,Stage,Previous.Current,Previous.Species,Current.Species,Previous.Stage,Current.Stage,Species.Stage,Previous.Current.Species,Previous.Current.Stage,Previous.Species.Stage,Current.Species.Stage,Previous.Current.Species.Stage
Conserved,0.25703548302329,0.746367283184791,8.85137793278107e-128,6.99879155181956e-13,0.640690506145801,1,0.838560493642211,0.533699053937815,0.327656807526026,4.76058898335123e-07,0.114184690260378,0.836131117830928,0.77688520824748,0.457700215628591,0.472990191569936
Only_Cis,0.0687612162794382,0.0854050102738225,1.21963633567176e-33,0.0505675928890165,0.105720663802035,0.714210309554928,0.0448294101519065,0.173360459001542,0.003526391352811,0.199536722058024,0.248837858080962,0.0441529428637894,1,0.61944372939682,1
Only_Trans,0.205660186278322,1,4.02692225976967e-05,0.0760002416027962,0.183258586689752,0.130432984625793,0.227426768894417,0.232771383327161,1,0.620300385712719,1,1,1,1,1
Enhancing,1,1,1.04522403128726e-05,1,1,1,1,1,1,8.5525467483961e-08,1,1,1,1,1
Compensating,0.819193686777553,0.0532382642351127,9.94904501733946e-51,1.12765022066608e-09,0.111661672567525,1,0.505588053380776,0.262744881501814,0.00605395206889126,1.61449873814879e-05,0.344083940033901,0.158016571142899,0.34258480166971,0.0157448386038572,0.163146272905039
