Category,Previous,Current,Species,Stage,Previous.Current,Previous.Species,Current.Species,Previous.Stage,Current.Stage,Species.Stage,Previous.Current.Species,Previous.Current.Stage,Previous.Species.Stage,Current.Species.Stage,Previous.Current.Species.Stage
Conserved,0.257385099380643,0.517523197417517,5.13092213397475e-131,1.39924353309249e-14,0.822423745057731,0.231564576351356,0.836512844926167,0.0147743141734617,0.632610581679084,1.41159048155398e-09,0.190707847613341,0.838151558555487,1,0.705939577703946,0.806743860830952
Only_Cis,0.0685688413015687,0.0854238661520651,8.63708024374415e-34,0.0497902757387806,0.105454377277101,0.714243975787833,0.0446934987487875,0.173384080310447,0.00351452029997572,0.220992966986729,0.248703660997907,0.0441552765138036,1,0.619491438045951,1
Only_Trans,0.205660186278322,1,4.02692225976967e-05,0.0760002416027962,0.183258586689752,0.130432984625793,0.227426768894417,0.232771383327161,1,0.331523228858607,1,1,1,1,1
Enhancing,1,0.630105687574587,2.25861586732327e-07,0.122368023911936,1,1,0.515674484937617,1,0.630105687574587,1.62972215512782e-07,1,1,1,1,1
Compensating,1,0.050105381655209,4.75334053669119e-50,1.65557315938338e-08,0.301732426424921,1,0.649354002477063,0.26301579775512,0.00924581461029813,3.10990549610037e-05,0.3438282101223,0.156477543107751,0.0953378252397887,0.0801683668811501,0.414843894451078
