Category,Previous,Current,Species,Stage,Previous.Current,Previous.Species,Current.Species,Previous.Stage,Current.Stage,Species.Stage,Previous.Current.Species,Previous.Current.Stage,Previous.Species.Stage,Current.Species.Stage,Previous.Current.Species.Stage
Conserved,0.385941625153365,0.277326623935024,2.56220255893087e-143,1.30587294129115e-16,1,0.152937354686522,0.844729706267022,0.848753795557826,0.878235445769961,4.44660502751631e-16,0.139233352264559,0.093735387396832,1,0.189830554970178,1
Only_Cis,0.0691553711311726,0.0855377341896754,2.96029855257641e-34,0.0513677421149368,0.106245296186936,0.71420347578043,0.0451197804293467,0.173461011817238,0.0278391747576273,0.276421597830055,0.249138449723771,0.256187198376543,0.247319753575765,0.313669634217148,1
Only_Trans,0.230393565563298,1,8.28833971130767e-06,0.0950181532595185,0.205660186278324,0.14697010138959,0.254334233614182,0.0391571799228127,1,0.815000001364643,1,1,1,1,1
Enhancing,1,1,3.02923179430149e-06,0.365369175101724,1,1,1,1,1,1.91908000868815e-09,1,1,1,1,1
Compensating,0.819033763131162,0.0530414130274935,5.46358693375761e-53,6.28911498070485e-09,0.111623913203755,0.766426156115889,0.825549870208139,0.262713411421453,0.00605471096149322,7.06459858600924e-05,0.344048256880749,0.157904400962241,0.342650762092665,0.0545629530074304,0.415018221613494
