Category,Previous,Current,Species,Stage,Previous.Current,Previous.Species,Current.Species,Previous.Stage,Current.Stage,Species.Stage,Previous.Current.Species,Previous.Current.Stage,Previous.Species.Stage,Current.Species.Stage,Previous.Current.Species.Stage
Conserved,0.514610837766035,0.258684614011767,1.84314404341838e-58,0.000465277016459969,1,1,0.377388607456742,0.155727891872406,0.492802764235939,0.000670383325532718,0.68369390970157,0.551074506423535,0.236579691026225,0.00815853615547461,0.0125108468894598
Only_Cis,0.0681705877824349,0.1234035531165,9.98426913130616e-33,0.0134124928279503,0.104834835541993,0.714520923598273,0.0444507193633454,0.173927817375385,0.0271142503278684,0.742086340910813,0.248512868652361,0.252202192883583,1,0.797715286771403,0.749053374486624
Only_Trans,1,1,0.00435562434120173,0.588520789864666,1,1,0.1328844258655,1,1,0.192652634190926,1,1,1,1,1
Enhancing,0.0466456857094735,1,0.000527185867782538,1,1,1,1,1,1,1,1,1,0.0271735649343232,0.0602761668795167,0.0369670404785469
Compensating,0.350093079765033,0.154807706651803,3.23038434126892e-52,3.05607182830736e-09,0.0736831136487677,0.0592019068018888,0.669000142808397,0.0761518974128007,0.00406050608419375,5.40422922300817e-08,0.0592019068018888,0.109174576258028,0.096542083695692,0.0101656016158493,0.108788696663309
