Category,Previous,Current,Species,Stage,Previous.Current,Previous.Species,Current.Species,Previous.Stage,Current.Stage,Species.Stage,Previous.Current.Species,Previous.Current.Stage,Previous.Species.Stage,Current.Species.Stage,Previous.Current.Species.Stage
Conserved,0.258836480372679,0.423875891413613,1.58099978951627e-133,6.19271591808232e-15,0.640057635156038,0.561623448663458,0.837277369593498,0.419217920379985,0.423875891413613,1.50489699260093e-08,0.197099265939423,0.839538639910974,1,1,1
Only_Cis,0.0689078993369478,0.0854336015389225,3.13764628753976e-34,0.0573468211552489,0.105918462064488,0.714200243004283,0.0449360144681641,0.17337982313577,0.0276288337715389,0.223143554096775,0.248946637889946,0.255365862488851,1,0.619446373942205,0.755311036834858
Only_Trans,0.205660186278322,1,4.02692225976967e-05,0.0760002416027962,0.183258586689752,0.130432984625793,0.227426768894417,0.232771383327161,1,0.620300385712719,1,1,1,1,1
Enhancing,1,1,5.84181377522256e-07,0.39772317390156,1,0.308548186848004,0.493988168747492,1,0.627461289267754,3.34565341837613e-08,0.308548186848004,1,1,1,1
Compensating,0.81736289141628,0.0740726883726981,9.66037495363768e-51,3.62008780198218e-09,0.111374621726956,0.757840974876078,0.506165909064015,0.262677643018669,0.00611202156901826,4.15395637927358e-05,0.0970218547970712,0.156913391459531,0.343533081315942,0.0809581611546702,0.414777369823639
