Category,Previous,Current,Species,Stage,Previous.Current,Previous.Species,Current.Species,Previous.Stage,Current.Stage,Species.Stage,Previous.Current.Species,Previous.Current.Stage,Previous.Species.Stage,Current.Species.Stage,Previous.Current.Species.Stage
Conserved,0.516923968430795,0.180008569033566,7.36771678372722e-60,0.000642432941760216,1,0.396320304156786,0.0846738559532576,0.0892473920763407,0.49846299625832,0.000375157802681137,0.0432562271841221,0.37653085211594,0.247111923986712,0.00368202301034154,0.0140409779646132
Only_Cis,0.068151595309543,0.123166706160944,2.78210342021253e-32,0.0133696444115993,0.104795926682928,0.714562859541817,0.0444444216349626,0.259915362192681,0.00353306570380013,0.741757433356936,0.248515929692811,0.0444040222734307,1,0.797555069040118,1
Only_Trans,0.13333175793398,1,0.00263830146866048,0.799011442743308,1,1,0.148169155786125,1,1,0.231237782925314,1,1,1,1,1
Enhancing,1,1,0.00272193315256503,1,1,1,1,1,1,1,1,1,1,1,1
Compensating,0.644823495610276,0.155048537305488,3.44864802741303e-53,4.12228279939596e-09,0.0736532245353766,1,0.668988928177716,0.191523387924954,0.00406736062082854,2.53846005167697e-08,0.0591685853841686,0.109221418730295,0.0966085954936816,0.101854877842543,0.298281258780648
