Category,Previous,Current,Species,Stage,Previous.Current,Previous.Species,Current.Species,Previous.Stage,Current.Stage,Species.Stage,Previous.Current.Species,Previous.Current.Stage,Previous.Species.Stage,Current.Species.Stage,Previous.Current.Species.Stage
Conserved,0.516088549469149,0.0762094959766859,2.15469655823697e-59,0.000237195179389935,1,0.418701325163918,0.00997460224799373,0.161151461324626,1,0.000452662897951199,0.00408853522447847,0.374969484416812,0.100269169366186,0.000434342541626856,0.00135168226858279
Only_Cis,0.0681705877824349,0.1234035531165,4.53802217814761e-32,0.0156606586864696,0.104834835541993,0.714520923598273,0.0444507193633454,0.173927817375385,0.00352735688314402,0.693068314317596,0.248512868652361,0.0443656439175489,1,0.797715286771403,1
Only_Trans,1,1,0.00263830146866048,0.799011442743308,1,1,0.148169155786125,1,1,0.231237782925314,1,1,1,1,1
Enhancing,1,1,0.00272193315256503,1,1,1,1,1,1,1,1,1,1,0.0406085929675088,0.0248049958936419
Compensating,0.644907399024454,0.155295956935097,8.02441352737486e-54,7.37538292393978e-09,0.0736251671052881,1,0.668980584731086,0.191512333678992,0.00407471233067506,9.1274352577456e-09,0.0591363050237585,0.10927111671713,0.0966763719067814,0.010166933547811,0.108678389537353
